--Departments
insert into Departments(did, dname) values (1, 'Department_Rbyv');
insert into Departments(did, dname) values (2, 'Department_Hvlgkhyap');
insert into Departments(did, dname) values (3, 'Department_Soqmiugro');
insert into Departments(did, dname) values (4, 'Department_Huchgchkd');
insert into Departments(did, dname) values (5, 'Department_Fwyko');
insert into Departments(did, dname) values (6, 'Department_Lefku');
insert into Departments(did, dname) values (7, 'Department_Hnyyipn');
insert into Departments(did, dname) values (8, 'Department_Mqqyltihi');
insert into Departments(did, dname) values (9, 'Department_Wjvort');
insert into Departments(did, dname) values (10, 'Department_Thbc');

--Employees
insert into Employees(ename, email, resigned_date, did) values ('Hn Gadazp Ugl', 'hngadazpugl_1@gmail.com', '2021-11-01', 2);
insert into Employees(ename, email, resigned_date, did) values ('Tbro Daha', 'tbrodaha_2@gmail.com', '2021-11-02', 1);
insert into Employees(ename, email, resigned_date, did) values ('Lcsn Krf Dvamc', 'lcsnkrfdvamc_3@gmail.com', '2021-11-02', 9);
insert into Employees(ename, email, resigned_date, did) values ('Qkr Zrnz Exnhi', 'qkrzrnzexnhi_4@gmail.com', NULL, 5);
insert into Employees(ename, email, resigned_date, did) values ('Tlrbo Zondbr', 'tlrbozondbr_5@gmail.com', NULL, 8);
insert into Employees(ename, email, resigned_date, did) values ('Ftb Fgk Kf', 'ftbfgkkf_6@gmail.com', NULL, 7);
insert into Employees(ename, email, resigned_date, did) values ('Qwf Afcbh', 'qwfafcbh_7@gmail.com', NULL, 5);
insert into Employees(ename, email, resigned_date, did) values ('Qi Ay', 'qiay_8@gmail.com', NULL, 6);
insert into Employees(ename, email, resigned_date, did) values ('Trhmk Tfrrsg Icr', 'trhmktfrrsgicr_9@gmail.com', NULL, 1);
insert into Employees(ename, email, resigned_date, did) values ('Eyuzsw Ajklk', 'eyuzswajklk_10@gmail.com', NULL, 7);
insert into Employees(ename, email, resigned_date, did) values ('Sepmjk Mwexpt Hhicu', 'sepmjkmwexpthhicu_11@gmail.com', '2021-10-31', 3);
insert into Employees(ename, email, resigned_date, did) values ('Foyfqm Syq Koguo', 'foyfqmsyqkoguo_12@gmail.com', '2021-10-31', 8);
insert into Employees(ename, email, resigned_date, did) values ('Zw Uw', 'zwuw_13@gmail.com', '2021-10-31', 3);
insert into Employees(ename, email, resigned_date, did) values ('Zdxzl Yvab Ugk', 'zdxzlyvabugk_14@gmail.com', NULL, 1);
insert into Employees(ename, email, resigned_date, did) values ('Invvgy Copces', 'invvgycopces_15@gmail.com', NULL, 3);
insert into Employees(ename, email, resigned_date, did) values ('Cc Lkq', 'cclkq_16@gmail.com', NULL, 1);
insert into Employees(ename, email, resigned_date, did) values ('Deg Lvz Bx', 'deglvzbx_17@gmail.com', NULL, 9);
insert into Employees(ename, email, resigned_date, did) values ('Efmxcz Fyy', 'efmxczfyy_18@gmail.com', NULL, 6);
insert into Employees(ename, email, resigned_date, did) values ('Fxzac Stxiqt Sjuqv', 'fxzacstxiqtsjuqv_19@gmail.com', NULL, 10);
insert into Employees(ename, email, resigned_date, did) values ('Nugozw Vs Eoczb', 'nugozwvseoczb_20@gmail.com', NULL, 4);
insert into Employees(ename, email, resigned_date, did) values ('Xasj Kqpk Pi', 'xasjkqpkpi_21@gmail.com', '2021-11-02', 1);
insert into Employees(ename, email, resigned_date, did) values ('Cc Kf Pbenlf', 'cckfpbenlf_22@gmail.com', '2021-11-01', 2);
insert into Employees(ename, email, resigned_date, did) values ('Xw Jjnp', 'xwjjnp_23@gmail.com', '2021-11-02', 3);
insert into Employees(ename, email, resigned_date, did) values ('Tzati Bp Ktx', 'tzatibpktx_24@gmail.com', NULL, 4);
insert into Employees(ename, email, resigned_date, did) values ('Hwsvo Ldixee Zreg', 'hwsvoldixeezreg_25@gmail.com', NULL, 5);
insert into Employees(ename, email, resigned_date, did) values ('Xy Zjrjw', 'xyzjrjw_26@gmail.com', NULL, 6);
insert into Employees(ename, email, resigned_date, did) values ('Jprphb Xk Goaset', 'jprphbxkgoaset_27@gmail.com', NULL, 7);
insert into Employees(ename, email, resigned_date, did) values ('Ecmne Yhfht Sj', 'ecmneyhfhtsj_28@gmail.com', NULL, 8);
insert into Employees(ename, email, resigned_date, did) values ('Jqqgu Natg Opk', 'jqqgunatgopk_29@gmail.com', NULL, 9);
insert into Employees(ename, email, resigned_date, did) values ('Htisns Nljs', 'htisnsnljs_30@gmail.com', NULL, 10);

--Juniors
insert into Juniors(eid) values (1);
insert into Juniors(eid) values (2);
insert into Juniors(eid) values (3);
insert into Juniors(eid) values (4);
insert into Juniors(eid) values (5);
insert into Juniors(eid) values (6);
insert into Juniors(eid) values (7);
insert into Juniors(eid) values (8);
insert into Juniors(eid) values (9);
insert into Juniors(eid) values (10);

--Bookers
insert into Bookers(eid) values (11);
insert into Bookers(eid) values (12);
insert into Bookers(eid) values (13);
insert into Bookers(eid) values (14);
insert into Bookers(eid) values (15);
insert into Bookers(eid) values (16);
insert into Bookers(eid) values (17);
insert into Bookers(eid) values (18);
insert into Bookers(eid) values (19);
insert into Bookers(eid) values (20);
insert into Bookers(eid) values (21);
insert into Bookers(eid) values (22);
insert into Bookers(eid) values (23);
insert into Bookers(eid) values (24);
insert into Bookers(eid) values (25);
insert into Bookers(eid) values (26);
insert into Bookers(eid) values (27);
insert into Bookers(eid) values (28);
insert into Bookers(eid) values (29);
insert into Bookers(eid) values (30);

--Seniors
insert into Seniors(eid) values (11);
insert into Seniors(eid) values (12);
insert into Seniors(eid) values (13);
insert into Seniors(eid) values (14);
insert into Seniors(eid) values (15);
insert into Seniors(eid) values (16);
insert into Seniors(eid) values (17);
insert into Seniors(eid) values (18);
insert into Seniors(eid) values (19);
insert into Seniors(eid) values (20);

--Managers
insert into Managers(eid) values (21);
insert into Managers(eid) values (22);
insert into Managers(eid) values (23);
insert into Managers(eid) values (24);
insert into Managers(eid) values (25);
insert into Managers(eid) values (26);
insert into Managers(eid) values (27);
insert into Managers(eid) values (28);
insert into Managers(eid) values (29);
insert into Managers(eid) values (30);

--Contacts
insert into Contacts(eid, contact) values (1, '67576650');
insert into Contacts(eid, contact) values (1, '10240118');
insert into Contacts(eid, contact) values (2, '49327077');
insert into Contacts(eid, contact) values (4, '45996156');
insert into Contacts(eid, contact) values (4, '13978645');
insert into Contacts(eid, contact) values (5, '04451796');
insert into Contacts(eid, contact) values (5, '28450719');
insert into Contacts(eid, contact) values (6, '04481794');
insert into Contacts(eid, contact) values (6, '89002433');
insert into Contacts(eid, contact) values (6, '33472455');
insert into Contacts(eid, contact) values (8, '33711145');
insert into Contacts(eid, contact) values (8, '38886056');
insert into Contacts(eid, contact) values (9, '44986937');
insert into Contacts(eid, contact) values (10, '58107465');
insert into Contacts(eid, contact) values (10, '84063284');
insert into Contacts(eid, contact) values (10, '97174238');
insert into Contacts(eid, contact) values (11, '81555521');
insert into Contacts(eid, contact) values (12, '52792411');
insert into Contacts(eid, contact) values (14, '46519760');
insert into Contacts(eid, contact) values (14, '78725514');
insert into Contacts(eid, contact) values (15, '92719572');
insert into Contacts(eid, contact) values (16, '52556095');
insert into Contacts(eid, contact) values (16, '52412403');
insert into Contacts(eid, contact) values (19, '94471291');
insert into Contacts(eid, contact) values (20, '65690211');
insert into Contacts(eid, contact) values (20, '23063418');
insert into Contacts(eid, contact) values (20, '72393004');
insert into Contacts(eid, contact) values (21, '11857973');
insert into Contacts(eid, contact) values (21, '87150702');
insert into Contacts(eid, contact) values (22, '62256693');
insert into Contacts(eid, contact) values (22, '40301496');
insert into Contacts(eid, contact) values (22, '80843008');
insert into Contacts(eid, contact) values (23, '78909695');
insert into Contacts(eid, contact) values (23, '49849798');
insert into Contacts(eid, contact) values (23, '92921512');
insert into Contacts(eid, contact) values (24, '85319402');
insert into Contacts(eid, contact) values (24, '54131958');
insert into Contacts(eid, contact) values (24, '33217799');
insert into Contacts(eid, contact) values (25, '15489292');
insert into Contacts(eid, contact) values (27, '95891705');
insert into Contacts(eid, contact) values (27, '26173448');
insert into Contacts(eid, contact) values (28, '75627703');
insert into Contacts(eid, contact) values (28, '28830251');
insert into Contacts(eid, contact) values (29, '12768465');
insert into Contacts(eid, contact) values (29, '06876196');
insert into Contacts(eid, contact) values (29, '70900805');
insert into Contacts(eid, contact) values (30, '11148974');
insert into Contacts(eid, contact) values (30, '57937024');

insert into Health_declarations(eid, hdate, htemp, fever) values (4, '2021-11-05', '37.1', FALSE);
insert into Health_declarations(eid, hdate, htemp, fever) values (4, '2021-11-04', '36.8', FALSE);
insert into Health_declarations(eid, hdate, htemp, fever) values (4, '2021-11-02', '37.4', FALSE);
insert into Health_declarations(eid, hdate, htemp, fever) values (4, '2021-11-01', '36.7', FALSE);
insert into Health_declarations(eid, hdate, htemp, fever) values (4, '2021-10-31', '36.8', FALSE);
insert into Health_declarations(eid, hdate, htemp, fever) values (4, '2021-10-30', '34.2', FALSE);
insert into Health_declarations(eid, hdate, htemp, fever) values (4, '2021-10-29', '34.2', FALSE);
insert into Health_declarations(eid, hdate, htemp, fever) values (5, '2021-11-05', '36.8', FALSE);
insert into Health_declarations(eid, hdate, htemp, fever) values (5, '2021-11-04', '40.6', TRUE);
insert into Health_declarations(eid, hdate, htemp, fever) values (5, '2021-11-03', '35.2', FALSE);
insert into Health_declarations(eid, hdate, htemp, fever) values (5, '2021-11-02', '36.1', FALSE);
insert into Health_declarations(eid, hdate, htemp, fever) values (5, '2021-11-01', '34.0', FALSE);
insert into Health_declarations(eid, hdate, htemp, fever) values (5, '2021-10-31', '34.8', FALSE);
insert into Health_declarations(eid, hdate, htemp, fever) values (5, '2021-10-30', '36.4', FALSE);
insert into Health_declarations(eid, hdate, htemp, fever) values (5, '2021-10-29', '36.3', FALSE);
insert into Health_declarations(eid, hdate, htemp, fever) values (6, '2021-11-05', '35.5', FALSE);
insert into Health_declarations(eid, hdate, htemp, fever) values (6, '2021-11-04', '36.0', FALSE);
insert into Health_declarations(eid, hdate, htemp, fever) values (6, '2021-11-03', '34.1', FALSE);
insert into Health_declarations(eid, hdate, htemp, fever) values (6, '2021-11-02', '35.2', FALSE);
insert into Health_declarations(eid, hdate, htemp, fever) values (6, '2021-11-01', '36.7', FALSE);
insert into Health_declarations(eid, hdate, htemp, fever) values (6, '2021-10-31', '35.9', FALSE);
insert into Health_declarations(eid, hdate, htemp, fever) values (6, '2021-10-30', '35.2', FALSE);
insert into Health_declarations(eid, hdate, htemp, fever) values (6, '2021-10-29', '37.3', FALSE);
insert into Health_declarations(eid, hdate, htemp, fever) values (7, '2021-11-05', '35.8', FALSE);
insert into Health_declarations(eid, hdate, htemp, fever) values (7, '2021-11-04', '35.2', FALSE);
insert into Health_declarations(eid, hdate, htemp, fever) values (7, '2021-11-03', '36.8', FALSE);
insert into Health_declarations(eid, hdate, htemp, fever) values (7, '2021-11-02', '36.1', FALSE);
insert into Health_declarations(eid, hdate, htemp, fever) values (7, '2021-11-01', '37.3', FALSE);
insert into Health_declarations(eid, hdate, htemp, fever) values (7, '2021-10-31', '36.0', FALSE);
insert into Health_declarations(eid, hdate, htemp, fever) values (7, '2021-10-30', '36.1', FALSE);
insert into Health_declarations(eid, hdate, htemp, fever) values (7, '2021-10-29', '37.3', FALSE);
insert into Health_declarations(eid, hdate, htemp, fever) values (8, '2021-11-05', '36.9', FALSE);
insert into Health_declarations(eid, hdate, htemp, fever) values (8, '2021-11-04', '34.6', FALSE);
insert into Health_declarations(eid, hdate, htemp, fever) values (8, '2021-11-02', '36.1', FALSE);
insert into Health_declarations(eid, hdate, htemp, fever) values (8, '2021-11-01', '35.3', FALSE);
insert into Health_declarations(eid, hdate, htemp, fever) values (8, '2021-10-31', '36.7', FALSE);
insert into Health_declarations(eid, hdate, htemp, fever) values (8, '2021-10-30', '36.4', FALSE);
insert into Health_declarations(eid, hdate, htemp, fever) values (8, '2021-10-29', '36.5', FALSE);
insert into Health_declarations(eid, hdate, htemp, fever) values (9, '2021-11-05', '36.5', FALSE);
insert into Health_declarations(eid, hdate, htemp, fever) values (9, '2021-11-04', '36.7', FALSE);
insert into Health_declarations(eid, hdate, htemp, fever) values (9, '2021-11-03', '35.6', FALSE);
insert into Health_declarations(eid, hdate, htemp, fever) values (9, '2021-11-02', '34.6', FALSE);
insert into Health_declarations(eid, hdate, htemp, fever) values (9, '2021-11-01', '36.8', FALSE);
insert into Health_declarations(eid, hdate, htemp, fever) values (9, '2021-10-31', '34.7', FALSE);
insert into Health_declarations(eid, hdate, htemp, fever) values (9, '2021-10-30', '36.1', FALSE);
insert into Health_declarations(eid, hdate, htemp, fever) values (9, '2021-10-29', '34.0', FALSE);
insert into Health_declarations(eid, hdate, htemp, fever) values (10, '2021-11-05', '35.7', FALSE);
insert into Health_declarations(eid, hdate, htemp, fever) values (10, '2021-11-04', '38.4', TRUE);
insert into Health_declarations(eid, hdate, htemp, fever) values (10, '2021-11-03', '34.1', FALSE);
insert into Health_declarations(eid, hdate, htemp, fever) values (10, '2021-11-02', '36.9', FALSE);
insert into Health_declarations(eid, hdate, htemp, fever) values (10, '2021-11-01', '37.2', FALSE);
insert into Health_declarations(eid, hdate, htemp, fever) values (10, '2021-10-31', '36.8', FALSE);
insert into Health_declarations(eid, hdate, htemp, fever) values (10, '2021-10-30', '37.4', FALSE);
insert into Health_declarations(eid, hdate, htemp, fever) values (10, '2021-10-29', '34.6', FALSE);
insert into Health_declarations(eid, hdate, htemp, fever) values (14, '2021-11-05', '36.4', FALSE);
insert into Health_declarations(eid, hdate, htemp, fever) values (14, '2021-11-04', '34.3', FALSE);
insert into Health_declarations(eid, hdate, htemp, fever) values (14, '2021-11-03', '35.3', FALSE);
insert into Health_declarations(eid, hdate, htemp, fever) values (14, '2021-11-02', '34.2', FALSE);
insert into Health_declarations(eid, hdate, htemp, fever) values (14, '2021-11-01', '34.2', FALSE);
insert into Health_declarations(eid, hdate, htemp, fever) values (14, '2021-10-31', '36.2', FALSE);
insert into Health_declarations(eid, hdate, htemp, fever) values (14, '2021-10-30', '37.1', FALSE);
insert into Health_declarations(eid, hdate, htemp, fever) values (14, '2021-10-29', '35.7', FALSE);
insert into Health_declarations(eid, hdate, htemp, fever) values (15, '2021-11-05', '36.5', FALSE);
insert into Health_declarations(eid, hdate, htemp, fever) values (15, '2021-11-04', '41.5', TRUE);
insert into Health_declarations(eid, hdate, htemp, fever) values (15, '2021-11-03', '34.1', FALSE);
insert into Health_declarations(eid, hdate, htemp, fever) values (15, '2021-11-02', '35.3', FALSE);
insert into Health_declarations(eid, hdate, htemp, fever) values (15, '2021-11-01', '36.3', FALSE);
insert into Health_declarations(eid, hdate, htemp, fever) values (15, '2021-10-31', '35.1', FALSE);
insert into Health_declarations(eid, hdate, htemp, fever) values (15, '2021-10-30', '36.8', FALSE);
insert into Health_declarations(eid, hdate, htemp, fever) values (15, '2021-10-29', '35.5', FALSE);
insert into Health_declarations(eid, hdate, htemp, fever) values (16, '2021-11-05', '34.8', FALSE);
insert into Health_declarations(eid, hdate, htemp, fever) values (16, '2021-11-04', '34.0', FALSE);
insert into Health_declarations(eid, hdate, htemp, fever) values (16, '2021-11-02', '35.6', FALSE);
insert into Health_declarations(eid, hdate, htemp, fever) values (16, '2021-11-01', '34.9', FALSE);
insert into Health_declarations(eid, hdate, htemp, fever) values (16, '2021-10-31', '36.1', FALSE);
insert into Health_declarations(eid, hdate, htemp, fever) values (16, '2021-10-30', '34.8', FALSE);
insert into Health_declarations(eid, hdate, htemp, fever) values (16, '2021-10-29', '35.0', FALSE);
insert into Health_declarations(eid, hdate, htemp, fever) values (17, '2021-11-05', '36.1', FALSE);
insert into Health_declarations(eid, hdate, htemp, fever) values (17, '2021-11-04', '34.3', FALSE);
insert into Health_declarations(eid, hdate, htemp, fever) values (17, '2021-11-03', '36.0', FALSE);
insert into Health_declarations(eid, hdate, htemp, fever) values (17, '2021-11-02', '36.1', FALSE);
insert into Health_declarations(eid, hdate, htemp, fever) values (17, '2021-11-01', '34.4', FALSE);
insert into Health_declarations(eid, hdate, htemp, fever) values (17, '2021-10-31', '36.1', FALSE);
insert into Health_declarations(eid, hdate, htemp, fever) values (17, '2021-10-30', '36.7', FALSE);
insert into Health_declarations(eid, hdate, htemp, fever) values (17, '2021-10-29', '35.5', FALSE);
insert into Health_declarations(eid, hdate, htemp, fever) values (18, '2021-11-05', '37.0', FALSE);
insert into Health_declarations(eid, hdate, htemp, fever) values (18, '2021-11-04', '34.7', FALSE);
insert into Health_declarations(eid, hdate, htemp, fever) values (18, '2021-11-03', '36.4', FALSE);
insert into Health_declarations(eid, hdate, htemp, fever) values (18, '2021-11-02', '35.0', FALSE);
insert into Health_declarations(eid, hdate, htemp, fever) values (18, '2021-11-01', '37.3', FALSE);
insert into Health_declarations(eid, hdate, htemp, fever) values (18, '2021-10-31', '37.1', FALSE);
insert into Health_declarations(eid, hdate, htemp, fever) values (18, '2021-10-30', '34.8', FALSE);
insert into Health_declarations(eid, hdate, htemp, fever) values (18, '2021-10-29', '35.0', FALSE);
insert into Health_declarations(eid, hdate, htemp, fever) values (19, '2021-11-05', '35.8', FALSE);
insert into Health_declarations(eid, hdate, htemp, fever) values (19, '2021-11-04', '34.5', FALSE);
insert into Health_declarations(eid, hdate, htemp, fever) values (19, '2021-11-03', '34.6', FALSE);
insert into Health_declarations(eid, hdate, htemp, fever) values (19, '2021-11-02', '35.8', FALSE);
insert into Health_declarations(eid, hdate, htemp, fever) values (19, '2021-11-01', '37.2', FALSE);
insert into Health_declarations(eid, hdate, htemp, fever) values (19, '2021-10-31', '36.6', FALSE);
insert into Health_declarations(eid, hdate, htemp, fever) values (19, '2021-10-30', '36.4', FALSE);
insert into Health_declarations(eid, hdate, htemp, fever) values (19, '2021-10-29', '36.7', FALSE);
insert into Health_declarations(eid, hdate, htemp, fever) values (20, '2021-11-05', '37.1', FALSE);
insert into Health_declarations(eid, hdate, htemp, fever) values (20, '2021-11-04', '40.9', TRUE);
insert into Health_declarations(eid, hdate, htemp, fever) values (20, '2021-11-02', '35.8', FALSE);
insert into Health_declarations(eid, hdate, htemp, fever) values (20, '2021-11-01', '37.0', FALSE);
insert into Health_declarations(eid, hdate, htemp, fever) values (20, '2021-10-31', '35.7', FALSE);
insert into Health_declarations(eid, hdate, htemp, fever) values (20, '2021-10-30', '35.3', FALSE);
insert into Health_declarations(eid, hdate, htemp, fever) values (20, '2021-10-29', '36.6', FALSE);
insert into Health_declarations(eid, hdate, htemp, fever) values (24, '2021-11-05', '36.7', FALSE);
insert into Health_declarations(eid, hdate, htemp, fever) values (24, '2021-11-04', '35.3', FALSE);
insert into Health_declarations(eid, hdate, htemp, fever) values (24, '2021-11-02', '36.1', FALSE);
insert into Health_declarations(eid, hdate, htemp, fever) values (24, '2021-11-01', '37.1', FALSE);
insert into Health_declarations(eid, hdate, htemp, fever) values (24, '2021-10-31', '34.8', FALSE);
insert into Health_declarations(eid, hdate, htemp, fever) values (24, '2021-10-30', '37.0', FALSE);
insert into Health_declarations(eid, hdate, htemp, fever) values (24, '2021-10-29', '36.7', FALSE);
insert into Health_declarations(eid, hdate, htemp, fever) values (25, '2021-11-05', '35.8', FALSE);
insert into Health_declarations(eid, hdate, htemp, fever) values (25, '2021-11-04', '39.0', TRUE);
insert into Health_declarations(eid, hdate, htemp, fever) values (25, '2021-11-03', '36.9', FALSE);
insert into Health_declarations(eid, hdate, htemp, fever) values (25, '2021-11-02', '35.3', FALSE);
insert into Health_declarations(eid, hdate, htemp, fever) values (25, '2021-11-01', '34.6', FALSE);
insert into Health_declarations(eid, hdate, htemp, fever) values (25, '2021-10-31', '37.1', FALSE);
insert into Health_declarations(eid, hdate, htemp, fever) values (25, '2021-10-30', '35.1', FALSE);
insert into Health_declarations(eid, hdate, htemp, fever) values (25, '2021-10-29', '35.1', FALSE);
insert into Health_declarations(eid, hdate, htemp, fever) values (26, '2021-11-05', '34.2', FALSE);
insert into Health_declarations(eid, hdate, htemp, fever) values (26, '2021-11-04', '36.1', FALSE);
insert into Health_declarations(eid, hdate, htemp, fever) values (26, '2021-11-03', '35.8', FALSE);
insert into Health_declarations(eid, hdate, htemp, fever) values (26, '2021-11-02', '36.7', FALSE);
insert into Health_declarations(eid, hdate, htemp, fever) values (26, '2021-11-01', '34.5', FALSE);
insert into Health_declarations(eid, hdate, htemp, fever) values (26, '2021-10-31', '34.2', FALSE);
insert into Health_declarations(eid, hdate, htemp, fever) values (26, '2021-10-30', '34.9', FALSE);
insert into Health_declarations(eid, hdate, htemp, fever) values (26, '2021-10-29', '34.7', FALSE);
insert into Health_declarations(eid, hdate, htemp, fever) values (27, '2021-11-05', '34.1', FALSE);
insert into Health_declarations(eid, hdate, htemp, fever) values (27, '2021-11-04', '35.4', FALSE);
insert into Health_declarations(eid, hdate, htemp, fever) values (27, '2021-11-03', '36.6', FALSE);
insert into Health_declarations(eid, hdate, htemp, fever) values (27, '2021-11-02', '34.3', FALSE);
insert into Health_declarations(eid, hdate, htemp, fever) values (27, '2021-11-01', '34.1', FALSE);
insert into Health_declarations(eid, hdate, htemp, fever) values (27, '2021-10-31', '37.0', FALSE);
insert into Health_declarations(eid, hdate, htemp, fever) values (27, '2021-10-30', '35.6', FALSE);
insert into Health_declarations(eid, hdate, htemp, fever) values (27, '2021-10-29', '34.9', FALSE);
insert into Health_declarations(eid, hdate, htemp, fever) values (28, '2021-11-05', '35.2', FALSE);
insert into Health_declarations(eid, hdate, htemp, fever) values (28, '2021-11-04', '37.2', FALSE);
insert into Health_declarations(eid, hdate, htemp, fever) values (28, '2021-11-02', '35.9', FALSE);
insert into Health_declarations(eid, hdate, htemp, fever) values (28, '2021-11-01', '37.4', FALSE);
insert into Health_declarations(eid, hdate, htemp, fever) values (28, '2021-10-31', '35.0', FALSE);
insert into Health_declarations(eid, hdate, htemp, fever) values (28, '2021-10-30', '34.0', FALSE);
insert into Health_declarations(eid, hdate, htemp, fever) values (28, '2021-10-29', '37.4', FALSE);
insert into Health_declarations(eid, hdate, htemp, fever) values (29, '2021-11-05', '34.2', FALSE);
insert into Health_declarations(eid, hdate, htemp, fever) values (29, '2021-11-04', '35.5', FALSE);
insert into Health_declarations(eid, hdate, htemp, fever) values (29, '2021-11-03', '36.0', FALSE);
insert into Health_declarations(eid, hdate, htemp, fever) values (29, '2021-11-02', '36.4', FALSE);
insert into Health_declarations(eid, hdate, htemp, fever) values (29, '2021-11-01', '37.0', FALSE);
insert into Health_declarations(eid, hdate, htemp, fever) values (29, '2021-10-31', '35.3', FALSE);
insert into Health_declarations(eid, hdate, htemp, fever) values (29, '2021-10-30', '35.9', FALSE);
insert into Health_declarations(eid, hdate, htemp, fever) values (29, '2021-10-29', '34.6', FALSE);
insert into Health_declarations(eid, hdate, htemp, fever) values (30, '2021-11-05', '35.2', FALSE);
insert into Health_declarations(eid, hdate, htemp, fever) values (30, '2021-11-04', '42.9', TRUE);
insert into Health_declarations(eid, hdate, htemp, fever) values (30, '2021-11-03', '36.0', FALSE);
insert into Health_declarations(eid, hdate, htemp, fever) values (30, '2021-11-02', '34.2', FALSE);
insert into Health_declarations(eid, hdate, htemp, fever) values (30, '2021-11-01', '36.2', FALSE);
insert into Health_declarations(eid, hdate, htemp, fever) values (30, '2021-10-31', '35.9', FALSE);
insert into Health_declarations(eid, hdate, htemp, fever) values (30, '2021-10-30', '36.9', FALSE);
insert into Health_declarations(eid, hdate, htemp, fever) values (30, '2021-10-29', '36.1', FALSE);
insert into Health_declarations(eid, hdate, htemp, fever) values (1, '2021-11-01', '35.1', FALSE);
insert into Health_declarations(eid, hdate, htemp, fever) values (1, '2021-10-31', '36.2', FALSE);
insert into Health_declarations(eid, hdate, htemp, fever) values (1, '2021-10-30', '36.0', FALSE);
insert into Health_declarations(eid, hdate, htemp, fever) values (1, '2021-10-29', '35.7', FALSE);
insert into Health_declarations(eid, hdate, htemp, fever) values (2, '2021-11-02', '37.4', FALSE);
insert into Health_declarations(eid, hdate, htemp, fever) values (2, '2021-11-01', '34.3', FALSE);
insert into Health_declarations(eid, hdate, htemp, fever) values (2, '2021-10-31', '34.8', FALSE);
insert into Health_declarations(eid, hdate, htemp, fever) values (2, '2021-10-30', '36.0', FALSE);
insert into Health_declarations(eid, hdate, htemp, fever) values (2, '2021-10-29', '36.2', FALSE);
insert into Health_declarations(eid, hdate, htemp, fever) values (3, '2021-11-02', '36.5', FALSE);
insert into Health_declarations(eid, hdate, htemp, fever) values (3, '2021-11-01', '35.1', FALSE);
insert into Health_declarations(eid, hdate, htemp, fever) values (3, '2021-10-31', '36.1', FALSE);
insert into Health_declarations(eid, hdate, htemp, fever) values (3, '2021-10-30', '37.0', FALSE);
insert into Health_declarations(eid, hdate, htemp, fever) values (3, '2021-10-29', '36.5', FALSE);
insert into Health_declarations(eid, hdate, htemp, fever) values (11, '2021-10-31', '35.7', FALSE);
insert into Health_declarations(eid, hdate, htemp, fever) values (11, '2021-10-30', '35.7', FALSE);
insert into Health_declarations(eid, hdate, htemp, fever) values (11, '2021-10-29', '37.0', FALSE);
insert into Health_declarations(eid, hdate, htemp, fever) values (12, '2021-10-31', '34.1', FALSE);
insert into Health_declarations(eid, hdate, htemp, fever) values (12, '2021-10-30', '36.3', FALSE);
insert into Health_declarations(eid, hdate, htemp, fever) values (12, '2021-10-29', '36.4', FALSE);
insert into Health_declarations(eid, hdate, htemp, fever) values (13, '2021-10-31', '35.4', FALSE);
insert into Health_declarations(eid, hdate, htemp, fever) values (13, '2021-10-30', '34.8', FALSE);
insert into Health_declarations(eid, hdate, htemp, fever) values (13, '2021-10-29', '34.5', FALSE);
insert into Health_declarations(eid, hdate, htemp, fever) values (21, '2021-11-02', '35.0', FALSE);
insert into Health_declarations(eid, hdate, htemp, fever) values (21, '2021-11-01', '35.3', FALSE);
insert into Health_declarations(eid, hdate, htemp, fever) values (21, '2021-10-31', '36.9', FALSE);
insert into Health_declarations(eid, hdate, htemp, fever) values (21, '2021-10-30', '35.4', FALSE);
insert into Health_declarations(eid, hdate, htemp, fever) values (21, '2021-10-29', '35.7', FALSE);
insert into Health_declarations(eid, hdate, htemp, fever) values (22, '2021-11-01', '35.9', FALSE);
insert into Health_declarations(eid, hdate, htemp, fever) values (22, '2021-10-31', '35.8', FALSE);
insert into Health_declarations(eid, hdate, htemp, fever) values (22, '2021-10-30', '35.1', FALSE);
insert into Health_declarations(eid, hdate, htemp, fever) values (22, '2021-10-29', '34.1', FALSE);
insert into Health_declarations(eid, hdate, htemp, fever) values (23, '2021-11-02', '34.3', FALSE);
insert into Health_declarations(eid, hdate, htemp, fever) values (23, '2021-11-01', '35.1', FALSE);
insert into Health_declarations(eid, hdate, htemp, fever) values (23, '2021-10-31', '35.6', FALSE);
insert into Health_declarations(eid, hdate, htemp, fever) values (23, '2021-10-30', '36.3', FALSE);
insert into Health_declarations(eid, hdate, htemp, fever) values (23, '2021-10-29', '35.5', FALSE);
insert into Health_declarations(eid, hdate, htemp, fever) values (7, '2021-11-07', '40.0', TRUE);

--Meeting_Rooms
insert into Meeting_Rooms(room, mfloor, rname, did) values (1, 1, 'Room_Rjpqvvfs', 1);
insert into Meeting_Rooms(room, mfloor, rname, did) values (2, 2, 'Room_Pahbaya', 2);
insert into Meeting_Rooms(room, mfloor, rname, did) values (3, 3, 'Room_Svwysektj', 3);
insert into Meeting_Rooms(room, mfloor, rname, did) values (4, 4, 'Room_Hveqtbn', 4);
insert into Meeting_Rooms(room, mfloor, rname, did) values (5, 5, 'Room_Quzikgp', 5);
insert into Meeting_Rooms(room, mfloor, rname, did) values (6, 6, 'Room_Tutxx', 6);
insert into Meeting_Rooms(room, mfloor, rname, did) values (7, 7, 'Room_Ozadvwbl', 7);
insert into Meeting_Rooms(room, mfloor, rname, did) values (8, 8, 'Room_Wiswyuxpt', 8);
insert into Meeting_Rooms(room, mfloor, rname, did) values (9, 9, 'Room_Rgdwkapl', 9);
insert into Meeting_Rooms(room, mfloor, rname, did) values (10, 10, 'Room_Xcvbgollf', 10);

--Updates
insert into Updates(manager_id, room, ufloor, udate, new_cap) values (21, 1, 1, '2021-10-25', 1);
insert into Updates(manager_id, room, ufloor, udate, new_cap) values (21, 1, 1, '2021-10-26', 2);
insert into Updates(manager_id, room, ufloor, udate, new_cap) values (22, 2, 2, '2021-10-28', 2);
insert into Updates(manager_id, room, ufloor, udate, new_cap) values (22, 2, 2, '2021-10-29', 4);
insert into Updates(manager_id, room, ufloor, udate, new_cap) values (23, 3, 3, '2021-10-22', 1);
insert into Updates(manager_id, room, ufloor, udate, new_cap) values (23, 3, 3, '2021-10-23', 2);
insert into Updates(manager_id, room, ufloor, udate, new_cap) values (24, 4, 4, '2021-10-23', 2);
insert into Updates(manager_id, room, ufloor, udate, new_cap) values (24, 4, 4, '2021-10-24', 4);
insert into Updates(manager_id, room, ufloor, udate, new_cap) values (25, 5, 5, '2021-10-29', 1);
insert into Updates(manager_id, room, ufloor, udate, new_cap) values (25, 5, 5, '2021-10-30', 2);
insert into Updates(manager_id, room, ufloor, udate, new_cap) values (26, 6, 6, '2021-10-22', 2);
insert into Updates(manager_id, room, ufloor, udate, new_cap) values (26, 6, 6, '2021-10-23', 4);
insert into Updates(manager_id, room, ufloor, udate, new_cap) values (27, 7, 7, '2021-10-27', 1);
insert into Updates(manager_id, room, ufloor, udate, new_cap) values (27, 7, 7, '2021-10-28', 2);
insert into Updates(manager_id, room, ufloor, udate, new_cap) values (28, 8, 8, '2021-10-25', 2);
insert into Updates(manager_id, room, ufloor, udate, new_cap) values (28, 8, 8, '2021-10-26', 4);
insert into Updates(manager_id, room, ufloor, udate, new_cap) values (29, 9, 9, '2021-10-26', 1);
insert into Updates(manager_id, room, ufloor, udate, new_cap) values (29, 9, 9, '2021-10-27', 2);
insert into Updates(manager_id, room, ufloor, udate, new_cap) values (30, 10, 10, '2021-10-29', 2);
insert into Updates(manager_id, room, ufloor, udate, new_cap) values (30, 10, 10, '2021-10-30', 4);

--Sessions
insert into Sessions(room, sfloor, stime, sdate, booker_id, manager_id) values (9, 9, '12:00', '2021-12-05', 19, 29);
insert into Sessions(room, sfloor, stime, sdate, booker_id, manager_id) values (9, 9, '13:00', '2021-12-05', 19, 29);
insert into Sessions(room, sfloor, stime, sdate, booker_id, manager_id) values (9, 9, '14:00', '2021-12-05', 19, 29);
insert into Sessions(room, sfloor, stime, sdate, booker_id, manager_id) values (9, 9, '15:00', '2021-12-05', 19, 29);
insert into Sessions(room, sfloor, stime, sdate, booker_id, manager_id) values (9, 9, '16:00', '2021-12-05', 19, 29);
insert into Sessions(room, sfloor, stime, sdate, booker_id, manager_id) values (9, 9, '17:00', '2021-12-05', 19, 29);
insert into Sessions(room, sfloor, stime, sdate, booker_id, manager_id) values (10, 10, '13:00', '2021-12-05', 20, NULL);
insert into Sessions(room, sfloor, stime, sdate, booker_id, manager_id) values (10, 10, '14:00', '2021-12-05', 20, NULL);
insert into Sessions(room, sfloor, stime, sdate, booker_id, manager_id) values (10, 10, '15:00', '2021-12-05', 20, NULL);
insert into Sessions(room, sfloor, stime, sdate, booker_id, manager_id) values (10, 10, '16:00', '2021-12-05', 20, NULL);
insert into Sessions(room, sfloor, stime, sdate, booker_id, manager_id) values (10, 10, '17:00', '2021-12-05', 20, NULL);
insert into Sessions(room, sfloor, stime, sdate, booker_id, manager_id) values (10, 10, '18:00', '2021-12-05', 20, NULL);
insert into Sessions(room, sfloor, stime, sdate, booker_id, manager_id) values (10, 10, '18:00', '2021-11-04', 20, 30);
insert into Sessions(room, sfloor, stime, sdate, booker_id, manager_id) values (10, 10, '17:00', '2021-11-04', 20, NULL);
insert into Sessions(room, sfloor, stime, sdate, booker_id, manager_id) values (10, 10, '18:00', '2021-11-10', 20, NULL);
insert into Sessions(room, sfloor, stime, sdate, booker_id, manager_id) values (8, 8, '18:00', '2021-11-10', 18, 28);
insert into Sessions(room, sfloor, stime, sdate, booker_id, manager_id) values (6, 6, '18:00', '2021-11-04', 16, 26);

--Joins
insert into Joins(eid, room, jfloor, jtime, jdate) values (19, 9, 9, '12:00', '2021-12-05');
insert into Joins(eid, room, jfloor, jtime, jdate) values (19, 9, 9, '13:00', '2021-12-05');
insert into Joins(eid, room, jfloor, jtime, jdate) values (19, 9, 9, '14:00', '2021-12-05');
insert into Joins(eid, room, jfloor, jtime, jdate) values (19, 9, 9, '15:00', '2021-12-05');
insert into Joins(eid, room, jfloor, jtime, jdate) values (19, 9, 9, '16:00', '2021-12-05');
insert into Joins(eid, room, jfloor, jtime, jdate) values (19, 9, 9, '17:00', '2021-12-05');
insert into Joins(eid, room, jfloor, jtime, jdate) values (9, 9, 9, '12:00', '2021-12-05');
insert into Joins(eid, room, jfloor, jtime, jdate) values (9, 9, 9, '13:00', '2021-12-05');
insert into Joins(eid, room, jfloor, jtime, jdate) values (9, 9, 9, '14:00', '2021-12-05');
insert into Joins(eid, room, jfloor, jtime, jdate) values (9, 9, 9, '15:00', '2021-12-05');
insert into Joins(eid, room, jfloor, jtime, jdate) values (9, 9, 9, '16:00', '2021-12-05');
insert into Joins(eid, room, jfloor, jtime, jdate) values (9, 9, 9, '17:00', '2021-12-05');
insert into Joins(eid, room, jfloor, jtime, jdate) values (20, 10, 10, '13:00', '2021-12-05');
insert into Joins(eid, room, jfloor, jtime, jdate) values (20, 10, 10, '14:00', '2021-12-05');
insert into Joins(eid, room, jfloor, jtime, jdate) values (20, 10, 10, '15:00', '2021-12-05');
insert into Joins(eid, room, jfloor, jtime, jdate) values (20, 10, 10, '16:00', '2021-12-05');
insert into Joins(eid, room, jfloor, jtime, jdate) values (20, 10, 10, '17:00', '2021-12-05');
insert into Joins(eid, room, jfloor, jtime, jdate) values (20, 10, 10, '18:00', '2021-12-05');
insert into Joins(eid, room, jfloor, jtime, jdate) values (4, 10, 10, '13:00', '2021-12-05');
insert into Joins(eid, room, jfloor, jtime, jdate) values (4, 10, 10, '14:00', '2021-12-05');
insert into Joins(eid, room, jfloor, jtime, jdate) values (4, 10, 10, '15:00', '2021-12-05');
insert into Joins(eid, room, jfloor, jtime, jdate) values (4, 10, 10, '16:00', '2021-12-05');
insert into Joins(eid, room, jfloor, jtime, jdate) values (4, 10, 10, '17:00', '2021-12-05');
insert into Joins(eid, room, jfloor, jtime, jdate) values (4, 10, 10, '18:00', '2021-12-05');
insert into Joins(eid, room, jfloor, jtime, jdate) values (5, 10, 10, '13:00', '2021-12-05');
insert into Joins(eid, room, jfloor, jtime, jdate) values (5, 10, 10, '14:00', '2021-12-05');
insert into Joins(eid, room, jfloor, jtime, jdate) values (5, 10, 10, '15:00', '2021-12-05');
insert into Joins(eid, room, jfloor, jtime, jdate) values (5, 10, 10, '16:00', '2021-12-05');
insert into Joins(eid, room, jfloor, jtime, jdate) values (5, 10, 10, '17:00', '2021-12-05');
insert into Joins(eid, room, jfloor, jtime, jdate) values (5, 10, 10, '18:00', '2021-12-05');
insert into Joins(eid, room, jfloor, jtime, jdate) values (6, 10, 10, '13:00', '2021-12-05');
insert into Joins(eid, room, jfloor, jtime, jdate) values (6, 10, 10, '14:00', '2021-12-05');
insert into Joins(eid, room, jfloor, jtime, jdate) values (6, 10, 10, '15:00', '2021-12-05');
insert into Joins(eid, room, jfloor, jtime, jdate) values (6, 10, 10, '16:00', '2021-12-05');
insert into Joins(eid, room, jfloor, jtime, jdate) values (6, 10, 10, '17:00', '2021-12-05');
insert into Joins(eid, room, jfloor, jtime, jdate) values (6, 10, 10, '18:00', '2021-12-05');
insert into Joins(eid, room, jfloor, jtime, jdate) values (19, 10, 10, '18:00', '2021-12-05');

insert into Joins(eid, room, jfloor, jtime, jdate) values (20, 10, 10, '17:00', '2021-11-04');
insert into Joins(eid, room, jfloor, jtime, jdate) values (19, 10, 10, '17:00', '2021-11-04');
insert into Joins(eid, room, jfloor, jtime, jdate) values (17, 10, 10, '17:00', '2021-11-04');

insert into Joins(eid, room, jfloor, jtime, jdate) values (20, 10, 10, '18:00', '2021-11-04');
insert into Joins(eid, room, jfloor, jtime, jdate) values (19, 10, 10, '18:00', '2021-11-04');
insert into Joins(eid, room, jfloor, jtime, jdate) values (21, 10, 10, '18:00', '2021-11-04');

insert into Joins(eid, room, jfloor, jtime, jdate) values (20, 10, 10, '18:00', '2021-11-10');
insert into Joins(eid, room, jfloor, jtime, jdate) values (22, 10, 10, '18:00', '2021-11-10');
insert into Joins(eid, room, jfloor, jtime, jdate) values (23, 10, 10, '18:00', '2021-11-10');

insert into Joins(eid, room, jfloor, jtime, jdate) values (18, 8, 8, '18:00', '2021-11-10');
insert into Joins(eid, room, jfloor, jtime, jdate) values (21, 8, 8, '18:00', '2021-11-10');

insert into Joins(eid, room, jfloor, jtime, jdate) values (16, 6, 6, '18:00', '2021-11-04');
insert into Joins(eid, room, jfloor, jtime, jdate) values (6, 6, 6, '18:00', '2021-11-04');
insert into Joins(eid, room, jfloor, jtime, jdate) values (7, 6, 6, '18:00', '2021-11-04');

--Close_Contacts
insert into Close_Contacts(eid, affect_date) values(16, '2021-11-08');
insert into Close_Contacts(eid, affect_date) values(16, '2021-11-09');
insert into Close_Contacts(eid, affect_date) values(16, '2021-11-10');
insert into Close_Contacts(eid, affect_date) values(16, '2021-11-11');
insert into Close_Contacts(eid, affect_date) values(16, '2021-11-12');
insert into Close_Contacts(eid, affect_date) values(16, '2021-11-13');
insert into Close_Contacts(eid, affect_date) values(16, '2021-11-14');
insert into Close_Contacts(eid, affect_date) values(6, '2021-11-08');
insert into Close_Contacts(eid, affect_date) values(6, '2021-11-09');
insert into Close_Contacts(eid, affect_date) values(6, '2021-11-10');
insert into Close_Contacts(eid, affect_date) values(6, '2021-11-11');
insert into Close_Contacts(eid, affect_date) values(6, '2021-11-12');
insert into Close_Contacts(eid, affect_date) values(6, '2021-11-13');
insert into Close_Contacts(eid, affect_date) values(6, '2021-11-14');
